"","fges2","fges4"
"-1 vs. 1",0.564891119524832,0.621288265202296
