"","gfci2","gfci4"
"-1 vs. 1",0.582295287258446,0.615329648659102
