"","gfci1","gfci2","gfci3","gfci4"
"-1 vs. 1",0.821718869406803,0.745508745159839,0.889485473618864,0.808322297583985
