"","GFCI1","GFCI2","GFCI3","GFCI4"
"-1 vs. 1",0.817541678832117,0.718338916058394,0.885175102189781,0.785201656934307
