"","fges1","fges2","fges3","fges4"
"-1 vs. 1",0.792988121627859,0.768443096310512,0.850339535859855,0.825970347525157
